{
  "scenario": "hemophilia_b",
  "parameters": {
    "tf_concentration": 1.0,
    "at_factor": 1.0,
    "xa_inhibition": 1.0,
    "iia_inhibition": 1.0,
    "IX": 0.0,
    "TF": 1.0
  },
  "time": [
    0.0,
    6.006006006006006,
    12.012012012012011,
    18.01801801801802,
    24.024024024024023,
    30.03003003003003,
    36.03603603603604,
    42.04204204204204,
    48.048048048048045,
    54.054054054054056,
    60.06006006006006,
    66.06606606606607,
    72.07207207207207,
    78.07807807807808,
    84.08408408408408,
    90.09009009009009,
    96.09609609609609,
    102.10210210210211,
    108.10810810810811,
    114.11411411411412,
    120.12012012012012,
    126.12612612612612,
    132.13213213213214,
    138.13813813813815,
    144.14414414414415,
    150.15015015015015,
    156.15615615615616,
    162.16216216216216,
    168.16816816816817,
    174.17417417417417,
    180.18018018018017,
    186.18618618618618,
    192.19219219219218,
    198.1981981981982,
    204.20420420420422,
    210.21021021021022,
    216.21621621621622,
    222.22222222222223,
    228.22822822822823,
    234.23423423423424,
    240.24024024024024,
    246.24624624624624,
    252.25225225225225,
    258.25825825825825,
    264.2642642642643,
    270.27027027027026,
    276.2762762762763,
    282.28228228228227,
    288.2882882882883,
    294.2942942942943,
    300.3003003003003,
    306.3063063063063,
    312.3123123123123,
    318.31831831831835,
    324.3243243243243,
    330.33033033033036,
    336.33633633633633,
    342.34234234234236,
    348.34834834834834,
    354.35435435435437,
    360.36036036036035,
    366.3663663663664,
    372.37237237237235,
    378.3783783783784,
    384.38438438438436,
    390.3903903903904,
    396.3963963963964,
    402.4024024024024,
    408.40840840840843,
    414.4144144144144,
    420.42042042042044,
    426.4264264264264,
    432.43243243243245,
    438.4384384384384,
    444.44444444444446,
    450.45045045045043,
    456.45645645645646,
    462.4624624624625,
    468.4684684684685,
    474.4744744744745,
    480.4804804804805,
    486.4864864864865,
    492.4924924924925,
    498.4984984984985,
    504.5045045045045,
    510.5105105105105,
    516.5165165165165,
    522.5225225225225,
    528.5285285285286,
    534.5345345345345,
    540.5405405405405,
    546.5465465465466,
    552.5525525525526,
    558.5585585585586,
    564.5645645645645,
    570.5705705705706,
    576.5765765765766,
    582.5825825825826,
    588.5885885885886,
    594.5945945945946
  ],
  "factors": {
    "IIa": [
      0.0,
      0.3923877526075825,
      3.8024705527576903,
      6.714631054135949,
      8.793995890354703,
      10.164140405800936,
      11.034415186779745,
      11.580115417556788,
      11.920941892477433,
      12.131866519832533,
      12.257584903573653,
      12.323492476245972,
      12.342843912875644,
      12.321127360134845,
      12.258640440694869,
      12.151972874697735,
      11.994871373322654,
      11.778822325594954,
      11.493620502842276,
      11.128168713332848,
      10.67173737187334,
      10.115852458418752,
      9.456810849042888,
      8.698498210627548,
      7.854752144910798,
      6.950186835375803,
      6.018516027886734,
      5.0981994697091855,
      4.226435135818546,
      3.433403605966695,
      2.73857859168754,
      2.1499151186207714,
      1.6654935530782433,
      1.2764871880426356,
      0.9703038273674155,
      0.7331553868305685,
      0.5517903956211666,
      0.4144420347760348,
      0.3112101029815044,
      0.2340602181503861,
      0.17664779956933988,
      0.13405753452170743,
      0.10253472544454492,
      0.07924038213120731,
      0.062044427895406686,
      0.04935771572611771,
      0.03999957856874177,
      0.033095312332418594,
      0.02799838795062229,
      0.024231773881284436,
      0.02144389068357893,
      0.019375856611304372,
      0.017837171832839185,
      0.01668772008528486,
      0.015824476130044948,
      0.015171716715995475,
      0.014673785545021875,
      0.01428978907958261,
      0.013989659297528748,
      0.013751332332378182,
      0.013558571096273526,
      0.013399456430622392,
      0.013265231871120609,
      0.013149456408970344,
      0.013047396281752197,
      0.012955563733816618,
      0.01287142674481282,
      0.012793088636439902,
      0.01271916053707211,
      0.012648637544090834,
      0.012580761349601738,
      0.012514977874529855,
      0.012450881605034402,
      0.01238817033231764,
      0.01232661565829356,
      0.01226605119485729,
      0.012206362157017703,
      0.012147444307060076,
      0.012089230153076953,
      0.012031667807970778,
      0.011974715300982708,
      0.011918339913488982,
      0.011862519681535578,
      0.011807234987377244,
      0.011752461059710183,
      0.011698180957536405,
      0.011644401328635564,
      0.011591099139709515,
      0.01153827567700669,
      0.011485909376586586,
      0.011433997238705675,
      0.011382532956167757,
      0.01133150870303425,
      0.011280920184889883,
      0.011230763344409964,
      0.01118103026225986,
      0.011131706960593572,
      0.011082793091512406,
      0.011034291725485727,
      0.010986190220365719
    ],
    "Xa": [
      0.0,
      0.08988322512638751,
      0.2221741935392728,
      0.32468470709028713,
      0.39262586794869603,
      0.43505910744410486,
      0.46096046660780243,
      0.47669422505258163,
      0.48631744547705236,
      0.4923051643369736,
      0.49613779633884086,
      0.49869254383404005,
      0.5004863270477148,
      0.501822052931411,
      0.5028754969768482,
      0.503746545002869,
      0.5044892743566329,
      0.5051295235045329,
      0.5056750938654735,
      0.5061216569886312,
      0.5064562389467445,
      0.5066594678086133,
      0.5067073778744757,
      0.5065733154095554,
      0.5062302742268169,
      0.5056537323310861,
      0.504824749713595,
      0.503732796932297,
      0.5023776490394487,
      0.5007698199382883,
      0.4989293996260752,
      0.4968836197869269,
      0.494663788173001,
      0.4923022797786134,
      0.4898300944978491,
      0.4872752121086003,
      0.48466173481961206,
      0.48200966596896966,
      0.47933510783298827,
      0.47665070925339886,
      0.4739662020686328,
      0.4712889417067639,
      0.4686243989662965,
      0.4659765805071963,
      0.46334837167681847,
      0.4607418101677245,
      0.45815829857359264,
      0.45559876713914454,
      0.4530637970326015,
      0.4505537126147343,
      0.4480686503695623,
      0.44560860996508567,
      0.44317349199565376,
      0.44076312580076554,
      0.4383772899312936,
      0.43601572718156895,
      0.43367815562508233,
      0.4313642766960325,
      0.42907378114398304,
      0.4268063533254594,
      0.42456167441350307,
      0.4223394246951683,
      0.42013928526853184,
      0.4179609392571971,
      0.4158040726994854,
      0.413668375152664,
      0.4115535402805203,
      0.40945926590487,
      0.4073852544797914,
      0.40533121310158526,
      0.4032968535950406,
      0.4012818925478522,
      0.39928605144935675,
      0.39730905643420816,
      0.3953506384403841,
      0.3934105331823173,
      0.3914884809346621,
      0.38958422662718883,
      0.3876975197111578,
      0.3858281140912217,
      0.38397576806042943,
      0.3821402442273754,
      0.38032130956909255,
      0.378518734993049,
      0.37673229561406685,
      0.37496177068898073,
      0.373206943241353,
      0.37146760018470404,
      0.3697435322940066,
      0.3680345340158695,
      0.3663404034649806,
      0.36466094226474977,
      0.3629959555998782,
      0.3613452519717968,
      0.3597086433672057,
      0.35808594528033316,
      0.3564769759477045,
      0.3548815567851268,
      0.3532995127324283,
      0.35173067152254583
    ],