{
  "scenario": "hemophilia_a",
  "parameters": {
    "tf_concentration": 25.0,
    "at_factor": 1.0,
    "xa_inhibition": 1.0,
    "iia_inhibition": 1.0,
    "VIII": 0.0,
    "TF": 25.0
  },
  "time": [
    0.0,
    6.006006006006006,
    12.012012012012011,
    18.01801801801802,
    24.024024024024023,
    30.03003003003003,
    36.03603603603604,
    42.04204204204204,
    48.048048048048045,
    54.054054054054056,
    60.06006006006006,
    66.06606606606607,
    72.07207207207207,
    78.07807807807808,
    84.08408408408408,
    90.09009009009009,
    96.09609609609609,
    102.10210210210211,
    108.10810810810811,
    114.11411411411412,
    120.12012012012012,
    126.12612612612612,
    132.13213213213214,
    138.13813813813815,
    144.14414414414415,
    150.15015015015015,
    156.15615615615616,
    162.16216216216216,
    168.16816816816817,
    174.17417417417417,
    180.18018018018017,
    186.18618618618618,
    192.19219219219218,
    198.1981981981982,
    204.20420420420422,
    210.21021021021022,
    216.21621621621622,
    222.22222222222223,
    228.22822822822823,
    234.23423423423424,
    240.24024024024024,
    246.24624624624624,
    252.25225225225225,
    258.25825825825825,
    264.2642642642643,
    270.27027027027026,
    276.2762762762763,
    282.28228228228227,
    288.2882882882883,
    294.2942942942943,
    300.3003003003003,
    306.3063063063063,
    312.3123123123123,
    318.31831831831835,
    324.3243243243243,
    330.33033033033036,
    336.33633633633633,
    342.34234234234236,
    348.34834834834834,
    354.35435435435437,
    360.36036036036035,
    366.3663663663664,
    372.37237237237235,
    378.3783783783784,
    384.38438438438436,
    390.3903903903904,
    396.3963963963964,
    402.4024024024024,
    408.40840840840843,
    414.4144144144144,
    420.42042042042044,
    426.4264264264264,
    432.43243243243245,
    438.4384384384384,
    444.44444444444446,
    450.45045045045043,
    456.45645645645646,
    462.4624624624625,
    468.4684684684685,
    474.4744744744745,
    480.4804804804805,
    486.4864864864865,
    492.4924924924925,
    498.4984984984985,
    504.5045045045045,
    510.5105105105105,
    516.5165165165165,
    522.5225225225225,
    528.5285285285286,
    534.5345345345345,
    540.5405405405405,
    546.5465465465466,
    552.5525525525526,
    558.5585585585586,
    564.5645645645645,
    570.5705705705706,
    576.5765765765766,
    582.5825825825826,
    588.5885885885886,
    594.5945945945946
  ],
  "factors": {
    "IIa": [
      0.0,
      19.5724761173439,
      60.44552478405489,
      90.22798968334054,
      107.89931417915007,
      117.24357408830592,
      119.39254717227142,
      112.64599002158326,
      94.73270492683204,
      68.03943936406601,
      41.53628307411405,
      22.453598488994036,
      11.283504109734274,
      5.452958410292213,
      2.5907456348037345,
      1.2333422115948167,
      0.6027076751011838,
      0.3132704571040836,
      0.181160391944607,
      0.12073534556369124,
      0.09271835845222165,
      0.07928506859385426,
      0.07240468079027323,
      0.06847615268122678,
      0.06588932868012057,
      0.06392492970386518,
      0.062261222090945895,
      0.06075358760943944,
      0.05933636575621081,
      0.05797914624771607,
      0.05666729562551378,
      0.05539336302151829,
      0.05415318447340249,
      0.05294417798563919,
      0.05176454233899901,
      0.050612895854863886,
      0.04948810792916774,
      0.048389204849340145,
      0.04731532151708829,
      0.04626568958075834,
      0.04523960468615821,
      0.0442364073724014,
      0.043255485192811506,
      0.042296284218553346,
      0.04135828223698442,
      0.04044094526417109,
      0.03954374219837385,
      0.03866628673087189,
      0.03780810980364488,
      0.03696876695907458,
      0.03614783792621652,
      0.03534492313543172,
      0.03455962835167376,
      0.03379157134338701,
      0.03304037931810295,
      0.03230568934013818,
      0.031587146124454554,
      0.030884401511330376,
      0.030197116602833026,
      0.02952496188675192,
      0.02886761497699961,
      0.02822475739103614,
      0.02759607315204823,
      0.026981249357826035,
      0.026379988867176893,
      0.025792031706488555,
      0.025217048767739076,
      0.024654784092874426,
      0.024104956370679605,
      0.023567299945150465,
      0.023041548564971606,
      0.022527443266232523,
      0.022024731686155225,
      0.021533165746198554,
      0.02105250287176752,
      0.020582505153168524,
      0.020122939874199375,
      0.019673579737307514,
      0.019234201951536113,
      0.018804586855072407,
      0.0183845192233766,
      0.01797378905800802,
      0.017572192247693363,
      0.01717953071719106,
      0.01679561338458648,
      0.01642024454425865,
      0.016053225667431184,
      0.01569437893727144,
      0.015343525890797564,
      0.015000490631608215,
      0.014665099396671358,
      0.01433718171294254,
      0.014016572729886488,
      0.013703111990038732,
      0.01339664160186846,
      0.01309700672284398,
      0.01280405576162613,
      0.01251764035554237,
      0.012237615708813676,
      0.011963840124618633
    ],
    "Xa": [
      0.0,
      1.582470122103451,
      3.1570064485717704,
      4.015489292153758,
      4.46061797972744,
      4.721364486256727,
      4.909857351839517,
      5.071061788306033,
      5.213901233081625,
      5.327216894282616,
      5.393834600576199,
      5.404979375184145,
      5.365337076313352,
      5.287655557818456,
      5.185755704048287,
      5.070817045325267,
      4.950552908630056,
      4.829730375311848,
      4.711021015100929,
      4.595753555926774,
      4.484459276701666,
      4.377227817051314,
      4.27392385569227,
      4.174312076853189,
      4.0781255363526,
      3.9851007158995317,
      3.8949937490783872,
      3.8075864411022717,
      3.722687033643163,
      3.640128489377358,
      3.559765770985175,
      3.4814728954679355,
      3.4051401162982975,
      3.3306714053918527,
      3.257982271751233,
      3.1869979012076075,
      3.1176516182833978,
      3.0498835915877582,
      2.9836397120047735,
      2.918870752554009,
      2.855531612728834,
      2.7935806956718574,
      2.732979328148692,
      2.6736914754224603,
      2.615683373040209,
      2.5589231026714643,
      2.50338033824224,
      2.4490263560971366,
      2.3958336625966075,
      2.3437758973007012,
      2.2928277267464154,
      2.2429647277540345,
      2.194163304134444,
      2.1464006071987396,
      2.0996544710433342,
      2.053903365035643,
      2.0091263469837446,
      1.96530300964929,
      1.9224134553540353,
      1.880438261713358,
      1.83935846365639,
      1.7991555290515888,
      1.759811321756951,
      1.7213081102108558,
      1.683628536222611,
      1.6467556098076952,
      1.6106726799126958,
      1.5753634412419906,
      1.540811917889839,
      1.5070024543679428,
      1.4739197079372504,
      1.4415486373800421,
      1.4098745008590727,
      1.3788828422318335,
      1.3485594919687998,
      1.3188905576629688,
      1.2898624127397638,
      1.2614617078414323,
      1.233675356295921,
      1.2064905291146444,
      1.1798946378841169,
      1.15387533479219,
      1.1284205218748542,
      1.1035183420274721,
      1.0791571890537908,
      1.0553256953910377,
      1.0320126707739825,
      1.0092071604337935,
      0.9868984264201328,
      0.9650759563590225,
      0.9437294498713334,
      0.9228488140386872,
      0.9024241532129209,
      0.8824457675639209,
      0.862904154026329,
      0.8437900018806568,
      0.8250941903078807,
      0.8068077838905398,
      0.7889220274034062,
      0.7714283439226292
    ],