{
  "scenario": "hemophilia_a",
  "parameters": {
    "tf_concentration": 1.0,
    "at_factor": 1.0,
    "xa_inhibition": 1.0,
    "iia_inhibition": 1.0,
    "VIII": 0.0,
    "TF": 1.0
  },
  "time": [
    0.0,
    6.006006006006006,
    12.012012012012011,
    18.01801801801802,
    24.024024024024023,
    30.03003003003003,
    36.03603603603604,
    42.04204204204204,
    48.048048048048045,
    54.054054054054056,
    60.06006006006006,
    66.06606606606607,
    72.07207207207207,
    78.07807807807808,
    84.08408408408408,
    90.09009009009009,
    96.09609609609609,
    102.10210210210211,
    108.10810810810811,
    114.11411411411412,
    120.12012012012012,
    126.12612612612612,
    132.13213213213214,
    138.13813813813815,
    144.14414414414415,
    150.15015015015015,
    156.15615615615616,
    162.16216216216216,
    168.16816816816817,
    174.17417417417417,
    180.18018018018017,
    186.18618618618618,
    192.19219219219218,
    198.1981981981982,
    204.20420420420422,
    210.21021021021022,
    216.21621621621622,
    222.22222222222223,
    228.22822822822823,
    234.23423423423424,
    240.24024024024024,
    246.24624624624624,
    252.25225225225225,
    258.25825825825825,
    264.2642642642643,
    270.27027027027026,
    276.2762762762763,
    282.28228228228227,
    288.2882882882883,
    294.2942942942943,
    300.3003003003003,
    306.3063063063063,
    312.3123123123123,
    318.31831831831835,
    324.3243243243243,
    330.33033033033036,
    336.33633633633633,
    342.34234234234236,
    348.34834834834834,
    354.35435435435437,
    360.36036036036035,
    366.3663663663664,
    372.37237237237235,
    378.3783783783784,
    384.38438438438436,
    390.3903903903904,
    396.3963963963964,
    402.4024024024024,
    408.40840840840843,
    414.4144144144144,
    420.42042042042044,
    426.4264264264264,
    432.43243243243245,
    438.4384384384384,
    444.44444444444446,
    450.45045045045043,
    456.45645645645646,
    462.4624624624625,
    468.4684684684685,
    474.4744744744745,
    480.4804804804805,
    486.4864864864865,
    492.4924924924925,
    498.4984984984985,
    504.5045045045045,
    510.5105105105105,
    516.5165165165165,
    522.5225225225225,
    528.5285285285286,
    534.5345345345345,
    540.5405405405405,
    546.5465465465466,
    552.5525525525526,
    558.5585585585586,
    564.5645645645645,
    570.5705705705706,
    576.5765765765766,
    582.5825825825826,
    588.5885885885886,
    594.5945945945946
  ],
  "factors": {
    "IIa": [
      0.0,
      0.39238776012472937,
      3.802491578576341,
      6.715203948509263,
      8.79781199638926,
      10.177073071539949,
      11.06438167556916,
      11.635006700595811,
      12.007112213339898,
      12.253551642623755,
      12.416953579017052,
      12.520962031064096,
      12.577425889028094,
      12.59069759350898,
      12.560102926821468,
      12.481320648418508,
      12.347161865962658,
      12.148093780175657,
      11.872788812425721,
      11.508964474227625,
      11.04476936528424,
      10.470905320294897,
      9.7834777466085,
      8.987181954289474,
      8.097923013357903,
      7.143598508384863,
      6.16196273993648,
      5.195472733830689,
      4.284435634443942,
      3.4607038490624595,
      2.7439246205603975,
      2.14108240066358,
      1.6486778121237085,
      1.2561755253526388,
      0.9494583020228765,
      0.7135429535266419,
      0.5343207022375532,
      0.39946266988670964,
      0.29872267555620885,
      0.22387993522376107,
      0.16850275430545836,
      0.12765046806696853,
      0.09757769781385667,
      0.07547210507699117,
      0.05923816384387659,
      0.04732170058857836,
      0.03857499422315102,
      0.03215263358732553,
      0.027433196861576397,
      0.023960668777924802,
      0.02140075757489514,
      0.019508612099707733,
      0.018104994030053983,
      0.017058760587064046,
      0.016273993697061256,
      0.015680536046742934,
      0.015227108544790934,
      0.014876201141439742,
      0.014600421993031082,
      0.014379727496916676,
      0.014199475131467935,
      0.014048942812991528,
      0.013920341644246775,
      0.013807895565045553,
      0.01370747119378854,
      0.013615990332803295,
      0.013531211148670124,
      0.013451494521972005,
      0.013375647384828285,
      0.013302801604880852,
      0.013232295434245277,
      0.013163653656214035,
      0.01309655253571081,
      0.013030717906710053,
      0.012965967264166269,
      0.012902159346758386,
      0.012839189842220225,
      0.012776980701932759,
      0.012715473954087425,
      0.01265462409451705,
      0.01259439576816299,
      0.012534760548823496,
      0.01247569474276865,
      0.01241719325670661,
      0.01235922636451907,
      0.012301790363716567,
      0.012244871612768778,
      0.012188459631644645,
      0.012132546841357556,
      0.01207712497362146,
      0.012022186556117354,
      0.01196772476386497,
      0.011913733277981226,
      0.011860205199367473,
      0.011807132731800991,
      0.01175450868809583,
      0.011702325992076603,
      0.011650592564561284,
      0.011599288886137494,
      0.01154842188896848
    ],
    "Xa": [
      0.0,
      0.08988322917031566,
      0.2221747990477525,
      0.3246983178602758,
      0.39270993432584866,
      0.43533329635485185,
      0.4615821925977457,
      0.4778183123813,
      0.48806791806585187,
      0.49476549314526314,
      0.49935355378193585,
      0.5026792262675499,
      0.5052378405209023,
      0.5073179084058884,
      0.5090862349887691,
      0.5106375336681918,
      0.5120232096349373,
      0.5132679557294202,
      0.5143792432446742,
      0.5153527183178693,
      0.5161753319557817,
      0.5168273688225148,
      0.5172841680034299,
      0.517518090937827,
      0.5175010692183692,
      0.5172077789380487,
      0.5166191316422498,
      0.5157254412513123,
      0.5145284888172671,
      0.513041893922384,
      0.5112896688652462,
      0.5093034026798222,
      0.507118789034638,
      0.5047723044337162,
      0.5022985740389051,
      0.49972864517520355,
      0.4970891428028856,
      0.49440210243818355,
      0.4916852517935949,
      0.4889525331371739,
      0.48621471311790165,
      0.48347998242936735,
      0.48075449421366334,
      0.47804281998327797,
      0.4753483188594009,
      0.4726734309905632,
      0.4700199046514985,
      0.4673889696813519,
      0.4647814687885161,
      0.4621979558859503,
      0.45963876973569356,
      0.45710408870912345,
      0.4545939715310358,
      0.4521083875631528,
      0.4496472393489691,
      0.4472103794174638,
      0.44479762285772007,
      0.4424087567964154,
      0.440043547411719,
      0.4377017454617132,
      0.4353830903075899,
      0.43308731312452464,
      0.43081413934461704,
      0.4285632905351687,
      0.42633448593762524,
      0.42412744362053695,
      0.4219418814422224,
      0.41977751779633654,
      0.41763407225446264,
      0.4155112660451573,
      0.4134088223625722,
      0.4113264669187323,
      0.4092639280389417,
      0.40722093690105443,
      0.4051972277739881,
      0.40319253812827605,
      0.40120660873044467,
      0.39923918379345963,
      0.39729001116007234,
      0.39535884194053983,
      0.3934454308130213,
      0.3915495363685031,
      0.38967092083196525,
      0.3878093495462249,
      0.3859645919134826,
      0.3841364208275634,
      0.382324612798526,
      0.3805289478684398,
      0.3787492096086613,
      0.3769851851009959,
      0.37523666487182,
      0.37350344287913845,
      0.3717853166522776,
      0.3700820867746761,
      0.3683935570905329,
      0.36671953497996584,
      0.3650598310636469,
      0.363414258826869,
      0.3617826347594384,
      0.3601647787865283
    ],