{
  "scenario": "hemophilia_b",
  "parameters": {
    "tf_concentration": 25.0,
    "at_factor": 1.0,
    "xa_inhibition": 1.0,
    "iia_inhibition": 1.0,
    "IX": 0.0,
    "TF": 25.0
  },
  "time": [
    0.0,
    6.006006006006006,
    12.012012012012011,
    18.01801801801802,
    24.024024024024023,
    30.03003003003003,
    36.03603603603604,
    42.04204204204204,
    48.048048048048045,
    54.054054054054056,
    60.06006006006006,
    66.06606606606607,
    72.07207207207207,
    78.07807807807808,
    84.08408408408408,
    90.09009009009009,
    96.09609609609609,
    102.10210210210211,
    108.10810810810811,
    114.11411411411412,
    120.12012012012012,
    126.12612612612612,
    132.13213213213214,
    138.13813813813815,
    144.14414414414415,
    150.15015015015015,
    156.15615615615616,
    162.16216216216216,
    168.16816816816817,
    174.17417417417417,
    180.18018018018017,
    186.18618618618618,
    192.19219219219218,
    198.1981981981982,
    204.20420420420422,
    210.21021021021022,
    216.21621621621622,
    222.22222222222223,
    228.22822822822823,
    234.23423423423424,
    240.24024024024024,
    246.24624624624624,
    252.25225225225225,
    258.25825825825825,
    264.2642642642643,
    270.27027027027026,
    276.2762762762763,
    282.28228228228227,
    288.2882882882883,
    294.2942942942943,
    300.3003003003003,
    306.3063063063063,
    312.3123123123123,
    318.31831831831835,
    324.3243243243243,
    330.33033033033036,
    336.33633633633633,
    342.34234234234236,
    348.34834834834834,
    354.35435435435437,
    360.36036036036035,
    366.3663663663664,
    372.37237237237235,
    378.3783783783784,
    384.38438438438436,
    390.3903903903904,
    396.3963963963964,
    402.4024024024024,
    408.40840840840843,
    414.4144144144144,
    420.42042042042044,
    426.4264264264264,
    432.43243243243245,
    438.4384384384384,
    444.44444444444446,
    450.45045045045043,
    456.45645645645646,
    462.4624624624625,
    468.4684684684685,
    474.4744744744745,
    480.4804804804805,
    486.4864864864865,
    492.4924924924925,
    498.4984984984985,
    504.5045045045045,
    510.5105105105105,
    516.5165165165165,
    522.5225225225225,
    528.5285285285286,
    534.5345345345345,
    540.5405405405405,
    546.5465465465466,
    552.5525525525526,
    558.5585585585586,
    564.5645645645645,
    570.5705705705706,
    576.5765765765766,
    582.5825825825826,
    588.5885885885886,
    594.5945945945946
  ],
  "factors": {
    "IIa": [
      0.0,
      19.57240114339542,
      60.43519358223465,
      90.1380842058868,
      107.60955145695816,
      116.6453075885461,
      118.43980697105295,
      111.41920825056577,
      93.48456598726314,
      67.06016247366429,
      40.90373090037605,
      22.075924236948254,
      11.063887614054392,
      5.328548454812811,
      2.5223102777833257,
      1.196528046843817,
      0.5829847502865465,
      0.30240958741464574,
      0.17472062304409694,
      0.11641766410605049,
      0.08937429403112929,
      0.07635931348441131,
      0.0696377227833179,
      0.06575202043731981,
      0.06315999487684897,
      0.06117372425305228,
      0.0594854603555005,
      0.057956550472260844,
      0.05652358126636659,
      0.05515672950033554,
      0.05384128084904813,
      0.052569374937902674,
      0.05133636238992751,
      0.05013914499334666,
      0.04897542963631723,
      0.04784337275915345,
      0.0467414143080696,
      0.04566819075916584,
      0.04462248869945007,
      0.04360319876122232,
      0.042609315650786864,
      0.04163994309274359,
      0.04069424781453861,
      0.03977140193264475,
      0.03887065455313247,
      0.037991358725150484,
      0.037132861931765244,
      0.03629455154048463,
      0.03547585159097079,
      0.03467621477960177,
      0.03389512061964014,
      0.03313207237372296,
      0.03238659623841908,
      0.03165823713917663,
      0.030946557725653884,
      0.030251137045469483,
      0.02957156976862865,
      0.028907465948973945,
      0.02825845066453271,
      0.02762416195566634,
      0.02700424792433432,
      0.026398356984666676,
      0.025806151453884,
      0.02522731003583524,
      0.02466152155504707,
      0.024108493373691708,
      0.023567924216697886,
      0.02303952422829928,
      0.022523012176296677,
      0.022018114631871304,
      0.021524565213641874,
      0.02104210430449673,
      0.020570478461686144,
      0.02010944098120773,
      0.01965875201038303,
      0.01921817749589585,
      0.018787487693044107,
      0.01836645700230288,
      0.01795486392064525,
      0.017552493770631835,
      0.017159145170564716,
      0.016774629814036802,
      0.016398725977307578,
      0.016031243384416704,
      0.01567199625962887,
      0.015320798130216008,
      0.014977468727542912,
      0.014641831052213089,
      0.014313712434717874,
      0.013992944821643566,
      0.01367936416118219,
      0.013372809223741863,
      0.013073120638165906,
      0.012780141676425057,
      0.012493719957441488,
      0.012213712611407657,
      0.011939985552113926,
      0.011672401968645307,
      0.011410795928753914,
      0.011155050916583488
    ],
    "Xa": [
      0.0,
      1.5824671506370307,
      3.156740707233302,
      4.013502852386375,
      4.454620718841869,
      4.709152403047408,
      4.8895101365476,
      5.040884696007971,
      5.172487383470263,
      5.273703120426374,
      5.328127251503004,
      5.327692895471977,
      5.277545981708694,
      5.190653273184617,
      5.080871579285493,
      4.959297021880357,
      4.833500480895131,
      4.7080925399520535,
      4.585600060305918,
      4.467229379639099,
      4.35341296751104,
      4.2441621766186985,
      4.139279577818189,
      4.038479801765055,
      3.9414545646645798,
      3.8479052485421428,
      3.757557399379894,
      3.670165582850643,
      3.585513394650182,
      3.5034112510214723,
      3.423693362629934,
      3.3462145783455357,
      3.2708474272146844,
      3.197479497247326,
      3.126011169141467,
      3.0563536902240633,
      2.98842755059935,
      2.9221611128906746,
      2.8574895513166214,
      2.794353651034551,
      2.7326993040143157,
      2.672476779574324,
      2.613639974809552,
      2.556145984516082,
      2.499954894391686,
      2.4450292132565923,
      2.3913336813534922,
      2.338834985847315,
      2.2875015579354585,
      2.2373033864532235,
      2.188211849366706,
      2.1401995884121594,
      2.093240422937952,
      2.0473091472929865,
      2.002381523936508,
      1.9584342019817045,
      1.9154446230271072,
      1.8733909684443975,
      1.8322520602261054,
      1.792007394455966,
      1.752637103933164,
      1.7141218912238234,
      1.6764429505545686,
      1.6395818928160086,
      1.6035209267383934,
      1.5682426782662784,
      1.5337301984531901,
      1.499966950682946,
      1.4669367912475644,
      1.434623954697632,
      1.4030130408332606,
      1.3720890024914736,
      1.3418371258651856,
      1.3122430209178866,
      1.2832926340954638,
      1.2549722049438814,
      1.227268281536599,
      1.2001677014465528,
      1.173657568917544,
      1.1477252665600772,
      1.122358456744597,
      1.097545073716115,
      1.0732732785780992,
      1.049531496445738,
      1.02630839255249,
      1.0035928700848153,
      0.9813740646684986,
      0.9596413407182166,
      0.9383842776860716,
      0.9175926732725384,
      0.8972565481001803,
      0.8773661234208179,
      0.8579118307619554,
      0.838884300724955,
      0.8202743449972396,
      0.8020729703332319,
      0.7842713763736192,
      0.7668609553215718,
      0.7498332690321315,
      0.7331800547710507
    ],